row,A,B,item
1,W509,13A SINGLE MULTI SOCKET ADAPTOR+ USB,W509 + 13A SINGLE MULTI SOCKET ADAPTOR+ USB
2,W507M,,W507M
3,W507,13A SINGLE SURGE ADAPTER,W507 + 13A SINGLE SURGE ADAPTER
4,W601M,STRAIGHT LAMPHOLDER B22,W601M + STRAIGHT LAMPHOLDER B22
5,,ANGLED LAMPHOLDER B22,ANGLED LAMPHOLDER B22
6,W605M,,W605M
7,W614M,T2 B22 LAMPHOLDER,W614M + T2 B22 LAMPHOLDER
8,W618M,PENDANT HOLDER E27 ELITE COMPLETE,W618M + PENDANT HOLDER E27 ELITE COMPLETE
9,W618M,PENDANT HOLDER E27 TAO'S COMPLETE,W618M + PENDANT HOLDER E27 TAO'S COMPLETE
10,W618M,PENDANT HOLDER B22 COMPLETE,W618M + PENDANT HOLDER B22 COMPLETE
11,W306,,W306
12,W701,CEILING ROSE,W701 + CEILING ROSE
14,C807 / W807,3 X 3 PATRESS BOX,C807 / W807 + 3 X 3 PATRESS BOX
15,W811 / C811,3 X 6 PATRESS BOX,W811 / C811 + 3 X 6 PATRESS BOX
17,,CIRCULAR BOX,CIRCULAR BOX
19,ELITE C-TYPE,,ELITE C-TYPE
20,C301,1 GANG 1 WAY SWITCH,C301 + 1 GANG 1 WAY SWITCH
21,C301W,1 GANG 1 WAY SWITCH WIDE DOLLY,C301W + 1 GANG 1 WAY SWITCH WIDE DOLLY
22,C302,1 GANG 2 WAY SWITCH,C302 + 1 GANG 2 WAY SWITCH
23,C401,3X3 COVER PLATE,C401 + 3X3 COVER PLATE
24,C402,3X6 COVER PLATE,C402 + 3X6 COVER PLATE
25,C304,2 GANG 2 WAY SWITCH,C304 + 2 GANG 2 WAY SWITCH
26,C304W,2 GANG 2 WAY SWITCH WIDE DOLLY,C304W + 2 GANG 2 WAY SWITCH WIDE DOLLY
27,C306,3 GANG 2 WAY SWTCH,C306 + 3 GANG 2 WAY SWTCH
28,C306W,3 GANG 2 WAY SWITCH WIDE DOLLY,C306W + 3 GANG 2 WAY SWITCH WIDE DOLLY
29,C313,INTERMEDIATE SWITCH,C313 + INTERMEDIATE SWITCH
30,C317,BED SWITCH,C317 + BED SWITCH
31,C317W,DOOR BELL SWITCH WIDE DOLLY,C317W + DOOR BELL SWITCH WIDE DOLLY
32,C324AC,AIR CONDITION SWITCH,C324AC + AIR CONDITION SWITCH
33,C324WH,WATER HEATER SWITCH,C324WH + WATER HEATER SWITCH
34,C324W(WH),WATER HEATER SWITCH WIDE DOLLY,C324W(WH) + WATER HEATER SWITCH WIDE DOLLY
35,C324W(AC),AIR CONDITION SWITCH WIDE DOLLY,C324W(AC) + AIR CONDITION SWITCH WIDE DOLLY
36,C327,45A UNIVERSAL SWITCH,C327 + 45A UNIVERSAL SWITCH
37,C331,COOKER UNIT SWITCH,C331 + COOKER UNIT SWITCH
38,C364,4 GANG 2 WAY SWITCH,C364 + 4 GANG 2 WAY SWITCH
39,C167,SATELLITE+USB,C167 + SATELLITE+USB
40,C436,TV DOUBLE,C436 + TV DOUBLE
41,C432,TV SOCKET,C432 + TV SOCKET
42,C439,TELEPHONE SOCKET,C439 + TELEPHONE SOCKET
43,C450,SINGLE SOCKET + USB,C450 + SINGLE SOCKET + USB
44,C407,13A SINGLE SOCKET,C407 + 13A SINGLE SOCKET
45,C407M,13A SINGLE MULTI SOCKET,C407M + 13A SINGLE MULTI SOCKET
46,C408,13A DOUBLE SOCKET,C408 + 13A DOUBLE SOCKET
47,C408M,13A DOUBLE MULTI SOCKET,C408M + 13A DOUBLE MULTI SOCKET
48,C408MB,13A DOUBLE MULTI SOCKET + 2 USB,C408MB + 13A DOUBLE MULTI SOCKET + 2 USB
49,CP200LG,COVER FRAME,CP200LG + COVER FRAME
50,CP200GE,COVER FRAME,CP200GE + COVER FRAME
51,CP200CR,COVER FRAME,CP200CR + COVER FRAME
52,CP200WD,COVER FRAME,CP200WD + COVER FRAME
53,CP100GE,COVER FRAME,CP100GE + COVER FRAME
54,CP100LG,COVER FRAME,CP100LG + COVER FRAME
55,CP100CR,COVER FRAME,CP100CR + COVER FRAME
58,ELITE ELEGANCE (91-SERIES WHITE),,ELITE ELEGANCE (91-SERIES WHITE)
59,91302EFQ,1 GANG 2 GANG SWITCH,91302EFQ + 1 GANG 2 GANG SWITCH
60,91304EFQ,2 GANG 2 WAY SWITCH,91304EFQ + 2 GANG 2 WAY SWITCH
61,91306EFQ,3 GANG 2 WAY SWITCH,91306EFQ + 3 GANG 2 WAY SWITCH
62,91432,TV SOCKET,91432 + TV SOCKET
63,91407MQ,13A SINGLE MULTI SOCKET,91407MQ + 13A SINGLE MULTI SOCKET
64,91408M,13A DOUBLE MULTI SOCKET,91408M + 13A DOUBLE MULTI SOCKET
65,91324,20A SINGLE GANG DOUBLE POLE SWITCH,91324 + 20A SINGLE GANG DOUBLE POLE SWITCH
66,91408MB,13A DOUBLE MULTI SOCKET+USB,91408MB + 13A DOUBLE MULTI SOCKET+USB
67,91689,,91689
70,ELITE ELEGANCE (91-SERIES COFFEE),,ELITE ELEGANCE (91-SERIES COFFEE)
71,91302EFQCF,1 GANG 2 WAY SWITCH,91302EFQCF + 1 GANG 2 WAY SWITCH
72,91304EFQCF,2 GANG 2 WAY SWITCH,91304EFQCF + 2 GANG 2 WAY SWITCH
73,91306EFQCF,3 GANG 2 WAY SWITCH,91306EFQCF + 3 GANG 2 WAY SWITCH
74,91432CF,TV SOCKET,91432CF + TV SOCKET
75,91407MQCF,13A SINGLE MULTI SOCKET,91407MQCF + 13A SINGLE MULTI SOCKET
76,91689CF,,91689CF
77,91407MCF,,91407MCF
78,91408MCF,13A 2 DOUBLE MULTI SOCKET,91408MCF + 13A 2 DOUBLE MULTI SOCKET
79,91324CF,,91324CF
80,ELITE ELEGANCE P-TYPE,,ELITE ELEGANCE P-TYPE
81,P402,3X6 COVER PLATE,P402 + 3X6 COVER PLATE
82,P301F,1 GANG 1 WAY SWITCH,P301F + 1 GANG 1 WAY SWITCH
83,P302F,1 GANG 2 WAY SWITCH,P302F + 1 GANG 2 WAY SWITCH
84,P304F,2 GANG 2 WAY SWITCH,P304F + 2 GANG 2 WAY SWITCH
85,P306F,3 GANG 2 WAY SWTCH,P306F + 3 GANG 2 WAY SWTCH
86,P324AC,AIR CONDITION SWITCH,P324AC + AIR CONDITION SWITCH
87,P324WH,WATER HEATER SWITCH,P324WH + WATER HEATER SWITCH
88,P407,13A SINGLE SOCKET,P407 + 13A SINGLE SOCKET
89,P407M,13A SINGLE MULTI SOCKET,P407M + 13A SINGLE MULTI SOCKET
90,P408,13A DOUBLE SOCKET,P408 + 13A DOUBLE SOCKET
91,P408M,13A DOUBLE MULTI SOCKET,P408M + 13A DOUBLE MULTI SOCKET
92,P408MB,13A DOUBLE MULTI SOCKET + 2 USB,P408MB + 13A DOUBLE MULTI SOCKET + 2 USB
96,ELITE ELEGANCE (GOLD + COFFEE),,ELITE ELEGANCE (GOLD + COFFEE)
97,P402BZ,,P402BZ
98,P302FBZ,1 GANG 2 WAY SWITCH,P302FBZ + 1 GANG 2 WAY SWITCH
99,P304FBZ,2 GANG 2 WAY SWITCH,P304FBZ + 2 GANG 2 WAY SWITCH
100,P306FBZ,3 GANG 2 WAY SWITCH,P306FBZ + 3 GANG 2 WAY SWITCH
101,P432BZ,TV SOCKET,P432BZ + TV SOCKET
102,P407MBZ,13A SINGLE MULTI SOCKET,P407MBZ + 13A SINGLE MULTI SOCKET
103,P408MBZ,13A DOUBLE MULTI SOCKET,P408MBZ + 13A DOUBLE MULTI SOCKET
104,P408MBBZ/P689BZ,13A DOUBLE MULTI SOCKET,P408MBBZ/P689BZ + 13A DOUBLE MULTI SOCKET
105,P324BZ,AC/WH,P324BZ + AC/WH
106,P374(WH),20A 1 GANG DOUBLE POLE SWITCH,P374(WH) + 20A 1 GANG DOUBLE POLE SWITCH
109,ELITE ELEGANCE (COFFEE + BLACK),,ELITE ELEGANCE (COFFEE + BLACK)
110,P402MB,COVER FRAME,P402MB + COVER FRAME
111,P302FMB,1 GANG 2 WAY SWITCH,P302FMB + 1 GANG 2 WAY SWITCH
112,P304FMB,2 GANG 2 WAY SWITCH,P304FMB + 2 GANG 2 WAY SWITCH
113,P324MB,AC/WH,P324MB + AC/WH
114,P306FMB,3 GANG 2 WAY SWITCH,P306FMB + 3 GANG 2 WAY SWITCH
115,P432MB,TV SOCKET,P432MB + TV SOCKET
116,P407MMB,13A SINGLE MULTI SOCKET,P407MMB + 13A SINGLE MULTI SOCKET
117,P408MMB,13A DOUBLE MULTI SOCKET,P408MMB + 13A DOUBLE MULTI SOCKET
118,P408MBMB/P689MB,13A DOUBLE MULTI SOCKET+ USB,P408MBMB/P689MB + 13A DOUBLE MULTI SOCKET+ USB
120,AWN45- 4 way,extension socket with 5m wire,AWN45- 4 way + extension socket with 5m wire
121,CWR43M- 4 way,extension socket with 3m wire,CWR43M- 4 way + extension socket with 3m wire
122,CWR43MB -4 way,extension socket with 3m wire with USB,CWR43MB -4 way + extension socket with 3m wire with USB
123,W602Q -,"straight lampholder, 2 in 1","W602Q - + straight lampholder, 2 in 1"
124,W606Q -,"lampholder, angled one, 2 in 1","W606Q - + lampholder, angled one, 2 in 1"
125,81302Q-,1 gang 2 way switch,81302Q- + 1 gang 2 way switch
126,81304Q-,2 gang 2 way switch,81304Q- + 2 gang 2 way switch
127,81306Q-,3 gang 2 way switch,81306Q- + 3 gang 2 way switch
128,81324Q-,20A DP switch,81324Q- + 20A DP switch
129,81432Q-,,81432Q-
130,81406M -,13A 2 gang switched multi function socket,81406M - + 13A 2 gang switched multi function socket
131,81689Q -,13A 2 gang switched multi function socket with neon with USB (type A+C),81689Q - + 13A 2 gang switched multi function socket with neon with USB (type A+C)
132,81432Q-,TV socket,81432Q- + TV socket
133,41302E-,1 gang 2 way switch,41302E- + 1 gang 2 way switch
134,41304E -,2 gang 2 way switch,41304E - + 2 gang 2 way switch
135,41306E -,3 gang 2 way switch,41306E - + 3 gang 2 way switch
136,41324W-,20A DP switch,41324W- + 20A DP switch
137,41406M -,13A 2 gang switched multi function socket,41406M - + 13A 2 gang switched multi function socket
138,41689-,13A 2 gang switched multi function socket with neon with USB (type A+C),41689- + 13A 2 gang switched multi function socket with neon with USB (type A+C)
139,41432-,TV socket,41432- + TV socket
141,ELITE ELEGANCE V-TYPE & W-TYPE,,ELITE ELEGANCE V-TYPE & W-TYPE
142,V301,1 GANG 1 WAY SWITCH,V301 + 1 GANG 1 WAY SWITCH
143,V302,1 GANG 2 WAY SWITCH,V302 + 1 GANG 2 WAY SWITCH
144,V304,2 GANG 2 WAY SWITCH,V304 + 2 GANG 2 WAY SWITCH
145,V324WH,WATER HEATER SWITCH,V324WH + WATER HEATER SWITCH
146,V324AC,AIR CONDITION SWITCH,V324AC + AIR CONDITION SWITCH
147,V407,13A SINGLE SOCKET,V407 + 13A SINGLE SOCKET
148,V439,TELEPHONE SOCKET,V439 + TELEPHONE SOCKET
149,V408,13A DOUBLE SOCKET,V408 + 13A DOUBLE SOCKET
150,V306,3 GANG 2 WAY SWITCH,V306 + 3 GANG 2 WAY SWITCH
151,W324,20A 1 GANG DOUBLE POLE (WATER HEATER),W324 + 20A 1 GANG DOUBLE POLE (WATER HEATER)
152,W304,2 GANG 2 WAY SWITCH,W304 + 2 GANG 2 WAY SWITCH
153,W305,,W305
155,ELITE ELEGANCE VIP-TYPE SILVER,,ELITE ELEGANCE VIP-TYPE SILVER
156,VP167Y,TV SOCKET + SATELITE,VP167Y + TV SOCKET + SATELITE
157,VP302Y,1 GANG 2 WAY SWITCH SILVER,VP302Y + 1 GANG 2 WAY SWITCH SILVER
158,VP304Y,2 GANG 2 WAY SWITCH SILVER,VP304Y + 2 GANG 2 WAY SWITCH SILVER
159,VP306Y,3 GANG 2 WAY SWITCH SILVER,VP306Y + 3 GANG 2 WAY SWITCH SILVER
160,VP352Y,DIMMER SWITCH SILVER,VP352Y + DIMMER SWITCH SILVER
161,VP432Y,TV SOCKET SILVER,VP432Y + TV SOCKET SILVER
162,VP451Y,DOUBLE WITH USB SILVER,VP451Y + DOUBLE WITH USB SILVER
163,VP407Y,SINGLE SOCKET,VP407Y + SINGLE SOCKET
164,VP439Y,TELEPHONE SOCKET SILVER,VP439Y + TELEPHONE SOCKET SILVER
165,VP408Y,13A DOUBLE SOCKET,VP408Y + 13A DOUBLE SOCKET
166,VP324Y-AC,AIR CONDITION SWITCH SILVER,VP324Y-AC + AIR CONDITION SWITCH SILVER
167,VP324Y-WH,WATER HEATER SWITCH SILVER,VP324Y-WH + WATER HEATER SWITCH SILVER
168,VP408MY,13A DOUBLE MULTI SOCKET SILVER,VP408MY + 13A DOUBLE MULTI SOCKET SILVER
169,VP408MBY,13A DOUBLE MULTI SOCKET SILVER WITH USB,VP408MBY + 13A DOUBLE MULTI SOCKET SILVER WITH USB
171,ELITE ELEGANCE VIP-TYPE GOLD,,ELITE ELEGANCE VIP-TYPE GOLD
173,VP167J,TV SOCKET + SATELITE,VP167J + TV SOCKET + SATELITE
174,VP302J,1 GANG 2 WAY SWITCH GOLD,VP302J + 1 GANG 2 WAY SWITCH GOLD
175,VP304J,2 GANG 2 WAY SWITCH GOLD,VP304J + 2 GANG 2 WAY SWITCH GOLD
176,VP306J,3 GANG 2 WAY SWITCH GOLD,VP306J + 3 GANG 2 WAY SWITCH GOLD
177,VP324J-AC,AIR CONDITION SWITCH GOLD,VP324J-AC + AIR CONDITION SWITCH GOLD
178,VP324J-WH,WATER HEATER SWITCH GOLD,VP324J-WH + WATER HEATER SWITCH GOLD
179,VP451J,DOUBLE WITH USB SILVER,VP451J + DOUBLE WITH USB SILVER
180,VP432J,TV SOCKET GOLD,VP432J + TV SOCKET GOLD
181,VP407J,SINGLE SOCKET GOLD,VP407J + SINGLE SOCKET GOLD
182,VP408J,13A DOUBLE SOCKET GOLD,VP408J + 13A DOUBLE SOCKET GOLD
183,VP408MJ,13A DOUBLE MULTI SOCKET GOLD,VP408MJ + 13A DOUBLE MULTI SOCKET GOLD
184,VP408MBJ,13A DOUBLE MULTI SOCKET GOLD,VP408MBJ + 13A DOUBLE MULTI SOCKET GOLD
187,"TAOS OLD TYPE (GOLD + WHITE, GOLD + BLACK)",,"TAOS OLD TYPE (GOLD + WHITE, GOLD + BLACK)"
188,T301AB,1 GANG 1 WAY SWITCH GOLD + WT,T301AB + 1 GANG 1 WAY SWITCH GOLD + WT
189,T301BB,1 GANG 1 WAY SWITCH SILVER + WT,T301BB + 1 GANG 1 WAY SWITCH SILVER + WT
190,T302BB,1 GANG 2 WAY SWITCH SILVER + WT,T302BB + 1 GANG 2 WAY SWITCH SILVER + WT
191,T304AB,2 GANG 2 WAY SWITCH GOLD + WT,T304AB + 2 GANG 2 WAY SWITCH GOLD + WT
192,T304BB,2 GANG 2 WAY SWITCH SILVER + WT,T304BB + 2 GANG 2 WAY SWITCH SILVER + WT
193,T306AB,3 GANG 2 WAY SWITCH GOLD + WT,T306AB + 3 GANG 2 WAY SWITCH GOLD + WT
194,T306AE,3 GANG 2 WAY SWITCH GOLD + BLACK,T306AE + 3 GANG 2 WAY SWITCH GOLD + BLACK
195,T324WH AB,WATER HEATER SWITCH GOLD + WT,T324WH AB + WATER HEATER SWITCH GOLD + WT
196,T324WH BB,WATER HEATER SWITCH SILVER + WT,T324WH BB + WATER HEATER SWITCH SILVER + WT
197,T324AC AB,AIR CONDITION SWITCH GOLD + WT,T324AC AB + AIR CONDITION SWITCH GOLD + WT
198,T324AC BB,AIR CONDITION SWITCH SILVER + WT,T324AC BB + AIR CONDITION SWITCH SILVER + WT
199,T432 AB,TV SOCKET GOLD + WT,T432 AB + TV SOCKET GOLD + WT
200,T438AB,TELEPHONE SOCKET GOLD + WT,T438AB + TELEPHONE SOCKET GOLD + WT
201,T438BB,TELEPHONE SOCKET SILVER + WT,T438BB + TELEPHONE SOCKET SILVER + WT
202,T438AE,TELEPHONE SOCKET GOLD + BLK,T438AE + TELEPHONE SOCKET GOLD + BLK
203,T429BB,15A 1 GANG SWITCH SILVER,T429BB + 15A 1 GANG SWITCH SILVER
204,T405AB,13A SINGLE SOCKET GOLD + WT,T405AB + 13A SINGLE SOCKET GOLD + WT
205,T405BB,13A SINGLE SOCKET SILVER + WT,T405BB + 13A SINGLE SOCKET SILVER + WT
206,T405AE,13A SINGLE SOCKET GOLD + BLK,T405AE + 13A SINGLE SOCKET GOLD + BLK
207,T432BB,TV SOCKET SILVER + WT,T432BB + TV SOCKET SILVER + WT
208,T301AE,1 GANG 1 WAY SWITCH GOLD + BLK,T301AE + 1 GANG 1 WAY SWITCH GOLD + BLK
210,F301,1 GANG 1 WAY SWITCH,F301 + 1 GANG 1 WAY SWITCH
211,F304,2 GANG 2 WAY SWITCH,F304 + 2 GANG 2 WAY SWITCH
212,F324,WATER HEATER SWITCH,F324 + WATER HEATER SWITCH
213,F429,15A SINGLE SOCKET,F429 + 15A SINGLE SOCKET
214,W429,15A SINGLE ROUND PIN SOCKET,W429 + 15A SINGLE ROUND PIN SOCKET
215,F327,45A 1 GANG AIRCONDITION SWITCH,F327 + 45A 1 GANG AIRCONDITION SWITCH
217,TAO'S NEW TYPE (WHITE),,TAO'S NEW TYPE (WHITE)
218,E402,3 X 6 COVER PLATE,E402 + 3 X 6 COVER PLATE
219,E327,45A SWITCH,E327 + 45A SWITCH
220,E324,,E324
221,E306,,E306
222,71401,3 X 3 COVER PLATE,71401 + 3 X 3 COVER PLATE
223,71402,3 X 6 COVER PLATE,71402 + 3 X 6 COVER PLATE
224,71301,1 GANG 1 WAY SWITCH,71301 + 1 GANG 1 WAY SWITCH
225,71301W,1 GANG 1 WAY SWITCH WIDE DOLLY,71301W + 1 GANG 1 WAY SWITCH WIDE DOLLY
226,71302,1 GANG 2 WAY SWITCH,71302 + 1 GANG 2 WAY SWITCH
227,71302W,1 GANG 2 WAY SWITCH WIDE DOLLY,71302W + 1 GANG 2 WAY SWITCH WIDE DOLLY
228,71304,2 GANG 2 WAY SWITCH,71304 + 2 GANG 2 WAY SWITCH
229,71304W,2 GANG 2 WAY SWITCH WIDE DOLLY,71304W + 2 GANG 2 WAY SWITCH WIDE DOLLY
230,71306,3 GANG 2 WAY SWITCH,71306 + 3 GANG 2 WAY SWITCH
231,71306W,3 GANG 2 WAY SWICTH WIDE DOLLY,71306W + 3 GANG 2 WAY SWICTH WIDE DOLLY
232,71313,INTERMEDIATE SWITCH,71313 + INTERMEDIATE SWITCH
233,71317,DOOR BELL SWITCH,71317 + DOOR BELL SWITCH
234,71364W,4 GANG 2 WAY SWITCH WIDE DOLLY,71364W + 4 GANG 2 WAY SWITCH WIDE DOLLY
235,71364,4 GANG 2 WAY SWITCH,71364 + 4 GANG 2 WAY SWITCH
236,71432,TV SOCKET,71432 + TV SOCKET
237,71456,13A SINGLE SOCKET + 2USB,71456 + 13A SINGLE SOCKET + 2USB
238,71487,13A DOUBLE SOCKET + USB,71487 + 13A DOUBLE SOCKET + USB
239,71407,13A SINGLE SOCKET,71407 + 13A SINGLE SOCKET
240,71407M,13A SINGLE MULTI SOCKET,71407M + 13A SINGLE MULTI SOCKET
241,71408,13A DOUBLE SOCKET,71408 + 13A DOUBLE SOCKET
243,TAO'S NEW TYPE (CHAMPAGNE),,TAO'S NEW TYPE (CHAMPAGNE)
244,71301W CH,1 GANG 1 WAY SWITCH WIDE DOLLY,71301W CH + 1 GANG 1 WAY SWITCH WIDE DOLLY
245,71304WCH,2 GANG 2 WAY SWITCH WIDE DOLLY,71304WCH + 2 GANG 2 WAY SWITCH WIDE DOLLY
246,71306CH,3 GANG 2 WAY SWITCH,71306CH + 3 GANG 2 WAY SWITCH
247,71306WCH,3 GANG 2 WAY SWICTH WIDE DOLLY,71306WCH + 3 GANG 2 WAY SWICTH WIDE DOLLY
248,71313CH,INTERMEDIATE SWITCH,71313CH + INTERMEDIATE SWITCH
249,71317CH,DOOR BELL SWITCH,71317CH + DOOR BELL SWITCH
250,71324 CH,UNIVERSAL (WH & AC SWITCH),71324 CH + UNIVERSAL (WH & AC SWITCH)
251,71324AC CH,AIR CONDITION SWITCH,71324AC CH + AIR CONDITION SWITCH
252,71324WH CH,WATER HEATER SWITCH,71324WH CH + WATER HEATER SWITCH
253,71432 CH,TV SOCKET,71432 CH + TV SOCKET
254,71364 CH,4 GANG 2 WAY SWITCH,71364 CH + 4 GANG 2 WAY SWITCH
255,71364W CH,,71364W CH
256,71456 CH,13A SINGLE SOCKET + 2USB,71456 CH + 13A SINGLE SOCKET + 2USB
257,71405 CH,13A SINGLE SOCKET,71405 CH + 13A SINGLE SOCKET
258,71406 CH,13A DOUBLE SOCKET,71406 CH + 13A DOUBLE SOCKET
259,71487 CH,13A DOUBLE SOCKET + USB,71487 CH + 13A DOUBLE SOCKET + USB
261,TAO'S NEW TYPE (GREY),,TAO'S NEW TYPE (GREY)
262,71301 GR,1 GANG 1 WAY SWITCH,71301 GR + 1 GANG 1 WAY SWITCH
263,71301W GR,1 GANG 1 WAY SWITCH WIDE DOLLY,71301W GR + 1 GANG 1 WAY SWITCH WIDE DOLLY
264,71302W GR,1 GANG 2 WAY SWITCH WIDE DOLLY,71302W GR + 1 GANG 2 WAY SWITCH WIDE DOLLY
265,71304 GR,2 GANG 2 WAY SWITCH,71304 GR + 2 GANG 2 WAY SWITCH
266,71306 GR,,71306 GR
267,71317 GR,DOOR BELL SWITCH,71317 GR + DOOR BELL SWITCH
268,71432 GR,TV SOCKET,71432 GR + TV SOCKET
269,71405 GR,13A SINGLE SOCKET,71405 GR + 13A SINGLE SOCKET
270,71406 GR,13A DOUBLE SOCKET,71406 GR + 13A DOUBLE SOCKET
271,71456 GR,,71456 GR
272,71487 GR,13A DOUBLE SOCKET + USB,71487 GR + 13A DOUBLE SOCKET + USB
277,TAOS E-TYPE,,TAOS E-TYPE
278,E301,1 GANG 1 WAY SWITCH,E301 + 1 GANG 1 WAY SWITCH
279,E302,,E302
280,E304,2 GANG 2 WAY SWITCH,E304 + 2 GANG 2 WAY SWITCH
281,E306,3 GANG 2 WAY SWITCH,E306 + 3 GANG 2 WAY SWITCH
282,E317,DOOR BELL SWITCH,E317 + DOOR BELL SWITCH
283,E324,UNIVERSAL (WH & AC) SWITCH,E324 + UNIVERSAL (WH & AC) SWITCH
284,E327,45A 1 GANG SWITCH,E327 + 45A 1 GANG SWITCH
285,E432,TV SOCKET,E432 + TV SOCKET
286,E402,3/6 COVER PLATE,E402 + 3/6 COVER PLATE
287,E405,SINGLE SOCKET,E405 + SINGLE SOCKET
288,E302,1GANG 2WAY SWITCH,E302 + 1GANG 2WAY SWITCH
289,,JUNCTION BOX (80X50-RT),JUNCTION BOX (80X50-RT)
290,,JUNCTION BOX (85X85X50-SQ),JUNCTION BOX (85X85X50-SQ)
293,MK5423 WHI,,MK5423 WHI
294,MK2893 WHI,,MK2893 WHI
295,MK4878B WH,WATER HEATER SWITCH,MK4878B WH + WATER HEATER SWITCH
297,,MAIN SWITCH (SASSIN & ELITE ELEGANCE),MAIN SWITCH (SASSIN & ELITE ELEGANCE)
299,,SASSIN 4WAY SINGLE PHASE,SASSIN 4WAY SINGLE PHASE
300,,SASSIN 6WAY  SINGLE PHASE,SASSIN 6WAY  SINGLE PHASE
301,,SASSIN 8WAY  SINGLE PHASE,SASSIN 8WAY  SINGLE PHASE
302,,SASSIN 12WAY  SINGLE PHASE,SASSIN 12WAY  SINGLE PHASE
304,,SASSIN 4WAY 3PHASE,SASSIN 4WAY 3PHASE
305,,SASSIN 6WAY 3PHASE,SASSIN 6WAY 3PHASE
306,,MAIN DISTRIBUTION BOARD,MAIN DISTRIBUTION BOARD
308,,SASSIN 8WAY 3PHASE,SASSIN 8WAY 3PHASE
309,,SASSIN 12WAY 3PHASE,SASSIN 12WAY 3PHASE
310,,ELITE 6WAY SINGLE PHASE,ELITE 6WAY SINGLE PHASE
311,,ELITE 8WAY SINGLE PHASE,ELITE 8WAY SINGLE PHASE
312,,ELITE 4WAY 3PHASE,ELITE 4WAY 3PHASE
313,,ELITE 4WAY 1PHASE,ELITE 4WAY 1PHASE
316,,MAIN SWITCH BREAKERS (ELITE & SASSIN),MAIN SWITCH BREAKERS (ELITE & SASSIN)
317,,ELITE 6A 1POLE,ELITE 6A 1POLE
318,,ELITE 10A 1POLE,ELITE 10A 1POLE
319,,ELITE 16A 1POLE,ELITE 16A 1POLE
320,,ELITE 20A 1POLE,ELITE 20A 1POLE
321,,ELITE 25A 1POLE,ELITE 25A 1POLE
322,,ELITE 32A 1POLE,ELITE 32A 1POLE
323,,ELITE 63A 1POLE,ELITE 63A 1POLE
324,,ELITE 40A 1POLE,ELITE 40A 1POLE
325,,ELITE 32A 2POLE,ELITE 32A 2POLE
326,,ELITE 32A 3POLE,ELITE 32A 3POLE
327,,ELITE 63A 3POLE,ELITE 63A 3POLE
328,,ELITE 100A 3POLE,ELITE 100A 3POLE
329,,ELITE 32A 2POLE BREAKER WITH COVER (COMPLETE),ELITE 32A 2POLE BREAKER WITH COVER (COMPLETE)
332,,SASSIN 100A ACCELERATOR,SASSIN 100A ACCELERATOR
333,,SASSIN 6A 1POLE,SASSIN 6A 1POLE
334,,SASSIN 10A 1POLE,SASSIN 10A 1POLE
335,,SASSIN 16A 1 POLE,SASSIN 16A 1 POLE
336,,SASSIN 20A 1POLE,SASSIN 20A 1POLE
337,,SASSIN 25A 1POLE,SASSIN 25A 1POLE
338,,SASSIN 32A 1POLE,SASSIN 32A 1POLE
339,,SASSIN 40A 1POLE,SASSIN 40A 1POLE
340,,SASSIN 63A 1POLE,SASSIN 63A 1POLE
341,,SASSIN 10A 2POLE,SASSIN 10A 2POLE
342,,SASSIN 16A 2POLE,SASSIN 16A 2POLE
343,,SASSIN 20A 2POLE,SASSIN 20A 2POLE
344,,SASSIN 32A 2POLE,SASSIN 32A 2POLE
345,,SASSIN 40A 2POLE,SASSIN 40A 2POLE
346,,SASSIN 40A 4POLE,SASSIN 40A 4POLE
347,,SASSIN 63A 4POLE,SASSIN 63A 4POLE
350,,RCCD (SASSIN),RCCD (SASSIN)
351,,32A 2POLE RCCD (SASSIN),32A 2POLE RCCD (SASSIN)
352,,40A 2POLE RCCD (SASSIN),40A 2POLE RCCD (SASSIN)
353,,63A 2POLE RCCD (SASSIN),63A 2POLE RCCD (SASSIN)
354,,63A 4POLE RCCD (SASSIN),63A 4POLE RCCD (SASSIN)
355,,100A 4POLE RCCD (SASSIN),100A 4POLE RCCD (SASSIN)
358,,STABILIZER (SASSIN),STABILIZER (SASSIN)
359,,1500VA,1500VA
360,,3000V,3000V
361,,32A CHANGEOVER,32A CHANGEOVER
362,,63A 4P TPN,63A 4P TPN
363,,100A 4P TPN,100A 4P TPN
364,,1 POLE BREAKER COVER,1 POLE BREAKER COVER
365,,4 POLE BREAKER COVER,4 POLE BREAKER COVER
368,,15A AVS GUARD,15A AVS GUARD
369,,5A FRIDGE GUARD,5A FRIDGE GUARD
370,,13A FRIDGE GUARD,13A FRIDGE GUARD
371,,4POLE BREAKER COVER,4POLE BREAKER COVER
372,,1POLE BREAKER COVER,1POLE BREAKER COVER
373,,2POLE BREAKER COVER,2POLE BREAKER COVER
374,,WALL PINS L/S,WALL PINS L/S
375,,WALL PINS S/S,WALL PINS S/S
376,CP200GE,DOUBLE SOCKET FRAME,CP200GE + DOUBLE SOCKET FRAME
377,CP200WD,DOUBLE SOCKET FRAME WOOD,CP200WD + DOUBLE SOCKET FRAME WOOD
378,CP200CR,DOUBLE SOCKET FRAME CR,CP200CR + DOUBLE SOCKET FRAME CR
379,CP200LG,DOUBLE SOCKET FRAME LG,CP200LG + DOUBLE SOCKET FRAME LG
380,,2.5 X 150 CABLE TIE,2.5 X 150 CABLE TIE
381,,3.6 X 250 CABLE TIE,3.6 X 250 CABLE TIE
382,,CUT OUT FUSE,CUT OUT FUSE
383,,70-400W IGNITOR,70-400W IGNITOR
385,SW208,PLUG,SW208 + PLUG
386,M835/TKG,3X3 METAL BOX,M835/TKG + 3X3 METAL BOX
387,M836/TKG,3X6 METAL BOX,M836/TKG + 3X6 METAL BOX
389,,PVC PIPE WHITE,PVC PIPE WHITE
390,,16MM X 25MM TRUNKING,16MM X 25MM TRUNKING
391,,25MM X 40MM TRUNKING,25MM X 40MM TRUNKING
392,,100MM X 100MM TRUNKING,100MM X 100MM TRUNKING
394,16MM X 1200MM,4FT COPPER BONDED EARTH ROD,16MM X 1200MM + 4FT COPPER BONDED EARTH ROD
395,14MM X 1200MM,4FT COPPER COATED EARTH ROD,14MM X 1200MM + 4FT COPPER COATED EARTH ROD
396,14MM X 1200MM,4FT PURE COPPER EARTH ROD,14MM X 1200MM + 4FT PURE COPPER EARTH ROD
397,16MM X 1200MM,4FT PURE COPPER EARTH ROD,16MM X 1200MM + 4FT PURE COPPER EARTH ROD
399,16MM X 1500MM,5FT COPPER BONDED EARTH ROD,16MM X 1500MM + 5FT COPPER BONDED EARTH ROD
400,16MM X 1500MM,5FT STAINLESS COATED EARTH ROD,16MM X 1500MM + 5FT STAINLESS COATED EARTH ROD
401,16MM X 1500MM,5FT PURE COPPER EARTH ROD,16MM X 1500MM + 5FT PURE COPPER EARTH ROD
403,16MM X 1800MM,6FT COPPER BONDED EARTH ROD,16MM X 1800MM + 6FT COPPER BONDED EARTH ROD
404,16MM X 1800MM,6FT PURE COPPER EARTH ROD,16MM X 1800MM + 6FT PURE COPPER EARTH ROD
407,,KANS ENERGY 5W B22 WT grn,KANS ENERGY 5W B22 WT grn
408,,KANS ENERGY 7W E27 WT grn,KANS ENERGY 7W E27 WT grn
409,,KANS ENERGY 7W B22 WT grn,KANS ENERGY 7W B22 WT grn
410,,KANS ENERGY 7W E27 BLUE grn,KANS ENERGY 7W E27 BLUE grn
411,,KANS ENERGY 7W E27 WWT grn,KANS ENERGY 7W E27 WWT grn
412,,KANS ENERGY 7W B22 WWT grn,KANS ENERGY 7W B22 WWT grn
413,,KANS ENERGY 7W E27 RD grn,KANS ENERGY 7W E27 RD grn
414,,KANS ENERGY 7W E27 GREEN grn,KANS ENERGY 7W E27 GREEN grn
416,,KANS ENERGY 9W E27 RED,KANS ENERGY 9W E27 RED
417,,KANS ENERGY 9W B22 WT,KANS ENERGY 9W B22 WT
418,,KANS ENERGY 9W E27 WWT,KANS ENERGY 9W E27 WWT
419,,KANS ENERGY 9W B22 WT,KANS ENERGY 9W B22 WT
420,,KANS ENERGY 9W E27  BLUE,KANS ENERGY 9W E27  BLUE
421,,KANS ENERGY 9W B22  BLUE,KANS ENERGY 9W B22  BLUE
422,,KANS ENERGY 9W B22 WWT,KANS ENERGY 9W B22 WWT
423,,KANS ENERGY 9W E27 GREEN,KANS ENERGY 9W E27 GREEN
424,,KANS ENERGY 9W E27 WWT,KANS ENERGY 9W E27 WWT
426,,KANS ENERGY 11W B22 WT,KANS ENERGY 11W B22 WT
427,,KANS ENERGY 11W E27 WT,KANS ENERGY 11W E27 WT
428,,KANS ENERGY 11W B22 GREEN,KANS ENERGY 11W B22 GREEN
429,,KANS ENERGY 11W B22 BLUE,KANS ENERGY 11W B22 BLUE
430,,KANS ENERGY 11W B22 RED,KANS ENERGY 11W B22 RED
431,,KANS ENERGY 11W B22 WWT,KANS ENERGY 11W B22 WWT
433,,KANS ENERGY 15W B22 WT grn,KANS ENERGY 15W B22 WT grn
434,,KANS ENERGY 15W B22 GREEN grn,KANS ENERGY 15W B22 GREEN grn
435,,KANS ENERGY 15W B22 RED grn,KANS ENERGY 15W B22 RED grn
436,,KANS ENERGY 15W B22 BLUE grn,KANS ENERGY 15W B22 BLUE grn
437,,KANS ENERGY 15W B22 WWT grn,KANS ENERGY 15W B22 WWT grn
438,,KANS ENERGY 20W B22 WWT grn,KANS ENERGY 20W B22 WWT grn
439,,KANS ENERGY 20W E27 RED grn,KANS ENERGY 20W E27 RED grn
440,,KANS ENERGY 20W E27 WT grn,KANS ENERGY 20W E27 WT grn
441,,KANS ENERGY 20W B22 WT grn,KANS ENERGY 20W B22 WT grn
442,,KANS ENERGY 20W E27 WWT grn,KANS ENERGY 20W E27 WWT grn
443,,KANS ENERGY 20W B22 WWT grn,KANS ENERGY 20W B22 WWT grn
444,,KANS ENERGY 25W B22 WT grn,KANS ENERGY 25W B22 WT grn
445,,KANS ENERGY 25W E27 WT grn,KANS ENERGY 25W E27 WT grn
446,,KANS ENERGY 25W E27 WT grn,KANS ENERGY 25W E27 WT grn
447,,KANS ENERGY 25W E27 BLUE grn,KANS ENERGY 25W E27 BLUE grn
449,,KANS ENERGY 26W B22 WWT,KANS ENERGY 26W B22 WWT
450,,KANS ENERGY 40W E27 WWT,KANS ENERGY 40W E27 WWT
451,,KANS ENERGY 85W B22 WT,KANS ENERGY 85W B22 WT
454,,KANS ENERGY BULB (PINK BOX),KANS ENERGY BULB (PINK BOX)
456,,KANS ENERGY 5W B22 WT PINK,KANS ENERGY 5W B22 WT PINK
457,,KANS ENERGY 5W E27 WT PINK,KANS ENERGY 5W E27 WT PINK
459,,KANS ENERGY 7W B22 WT PINK,KANS ENERGY 7W B22 WT PINK
460,,KANS ENERGY 7W E27 WT  PINK,KANS ENERGY 7W E27 WT  PINK
462,,KANS ENERGY 9W B22 WT PINK,KANS ENERGY 9W B22 WT PINK
463,,KANS ENERGY 9W E27 WT PINK,KANS ENERGY 9W E27 WT PINK
465,,KANS ENERGY 15W B22 WT,KANS ENERGY 15W B22 WT
466,,KANS ENERGY 11W E27 WT,KANS ENERGY 11W E27 WT
468,,KANS ENERGY 20W B22 WT PINK,KANS ENERGY 20W B22 WT PINK
469,,KANS ENERGY 20W E27 WT PINK,KANS ENERGY 20W E27 WT PINK
471,,KANS ENERGY 25W B22 WT PINK,KANS ENERGY 25W B22 WT PINK
472,,KANS ENERGY 25W E27 WT PINK,KANS ENERGY 25W E27 WT PINK
474,,KANS ENERGY 40W B22 WT PINK,KANS ENERGY 40W B22 WT PINK
475,,KANS ENERGY 40W E27 WT PINK,KANS ENERGY 40W E27 WT PINK
477,,KANS ENERGY 105W 8U E40 WT,KANS ENERGY 105W 8U E40 WT
479,,TINKO BULB,TINKO BULB
480,,9W E14 WWT CANDLE BULB TINKO,9W E14 WWT CANDLE BULB TINKO
481,,TINKO 5W E27 WWT EFFICIENT,TINKO 5W E27 WWT EFFICIENT
482,,TINKO 7 E14 WWT,TINKO 7 E14 WWT
483,,TINKO 12W E27 WWT,TINKO 12W E27 WWT
484,,TINKO 12W E27 WT,TINKO 12W E27 WT
485,,TINKO 16W E27 WT,TINKO 16W E27 WT
486,,TINKO 18W E27 WT,TINKO 18W E27 WT
487,,TINKO 20W E27 WT,TINKO 20W E27 WT
488,,TINKO 20W 3U B22 WT,TINKO 20W 3U B22 WT
489,,TINKO 36W E27 WWT,TINKO 36W E27 WWT
490,,TINKO S40W B22 WT,TINKO S40W B22 WT
491,,TINKO S40W B22 WWT,TINKO S40W B22 WWT
492,,TINKO 26W S40 WARM,TINKO 26W S40 WARM
493,,TINKO 5W S2U E14 RED,TINKO 5W S2U E14 RED
494,,TINKO 7W S2U E27 RED,TINKO 7W S2U E27 RED
495,,TINKO 15W S2U B22 WHITE,TINKO 15W S2U B22 WHITE
496,,TINKO 7W S2U E27 RED,TINKO 7W S2U E27 RED
497,,TINKO 5W 2U E14 WHITE,TINKO 5W 2U E14 WHITE
498,,TINKO 5W 2U E27 WHITE,TINKO 5W 2U E27 WHITE
499,,TINKO 5W 2U E27 RED,TINKO 5W 2U E27 RED
500,,TINKO 5W 2U E14 GREEN,TINKO 5W 2U E14 GREEN
501,,1000W SODIUM BULB,1000W SODIUM BULB
502,,40W E14 TUNGSRAM,40W E14 TUNGSRAM
503,,250W E40 MERCURY,250W E40 MERCURY
504,,TINKO 105,TINKO 105
505,,KANS LED,KANS LED
506,,KANS LED G45 1W B22 GREEN,KANS LED G45 1W B22 GREEN
507,,KANS LED G45 1W B22 BLUE,KANS LED G45 1W B22 BLUE
508,,KANS LED G45 1W B22 YELLOW,KANS LED G45 1W B22 YELLOW
509,,KANS LED G45 1W B22 WHITE,KANS LED G45 1W B22 WHITE
510,,KANS LED G45 1W B22 RED,KANS LED G45 1W B22 RED
511,,KANS LED G45 1W E27 BLUE,KANS LED G45 1W E27 BLUE
512,,KANS LED G45 1W E27 WT,KANS LED G45 1W E27 WT
513,,KANS LED G45 3W E27 RED,KANS LED G45 3W E27 RED
514,,KANS LED G45 3W E27 BLUE,KANS LED G45 3W E27 BLUE
515,,KANS LED G45 3W E27 GREEN,KANS LED G45 3W E27 GREEN
516,,KANS LED G45 3W B22 WT,KANS LED G45 3W B22 WT
517,,KANS LED G45 3W B22 RED,KANS LED G45 3W B22 RED
518,,KANS LED G45 3W E27 YELLOW,KANS LED G45 3W E27 YELLOW
519,,KANS LED G45 3W E27 GREEN,KANS LED G45 3W E27 GREEN
521,,LB57008/12W WWT,LB57008/12W WWT
522,,LB57008/18W WT,LB57008/18W WT
523,,LB1202/24W E27 WWT,LB1202/24W E27 WWT
524,,LB1202/16W E27 WT,LB1202/16W E27 WT
525,,LB57008/16W WT,LB57008/16W WT
526,,LB1202/16W E27 WWT,LB1202/16W E27 WWT
527,,LB1202/9W E27 WT,LB1202/9W E27 WT
528,,LB1202/20W E27 WWT,LB1202/20W E27 WWT
530,,KANS LED 4W E14 FILAMENT BULB,KANS LED 4W E14 FILAMENT BULB
531,,KANS LED 5W E14 WWT CANDLE BULB,KANS LED 5W E14 WWT CANDLE BULB
532,,KANS LED 5W E14 WT CANDLE BULB,KANS LED 5W E14 WT CANDLE BULB
534,,KANS LED 5W B22 WT (T-TYPE),KANS LED 5W B22 WT (T-TYPE)
535,,KANS LED 5W E27 WT (T-TYPE),KANS LED 5W E27 WT (T-TYPE)
537,,KANS LED 5W E27 WT (BL-TYPE),KANS LED 5W E27 WT (BL-TYPE)
538,,KANS LED 5W B22 WT (BL BOX),KANS LED 5W B22 WT (BL BOX)
540,,KANS LED 7W E27 WT T-TYPE,KANS LED 7W E27 WT T-TYPE
541,,KANS LED 7W B22 WT T-TYPE,KANS LED 7W B22 WT T-TYPE
543,,KANS LED 9W B22 WT (BL BOX),KANS LED 9W B22 WT (BL BOX)
544,,KANS LED 9W B22 WT (T-TYPE),KANS LED 9W B22 WT (T-TYPE)
546,,KANS LED 30W B22 WT (T-TYPE),KANS LED 30W B22 WT (T-TYPE)
547,,KANS LED 15W B22 WT (T-TYPE),KANS LED 15W B22 WT (T-TYPE)
548,,KANS LED 15W E27,KANS LED 15W E27
549,,KANS LED 30W B22 WT (T-TYPE),KANS LED 30W B22 WT (T-TYPE)
550,,KANS LED 40W B22 WT (T-TYPE),KANS LED 40W B22 WT (T-TYPE)
551,,KANS LED 40W E27,KANS LED 40W E27
552,,KANS LED 50W B22  WT (T-TYPE),KANS LED 50W B22  WT (T-TYPE)
553,,KANS LED 50W E27 WT (BL BOX),KANS LED 50W E27 WT (BL BOX)
555,,KANS LED 60W E27 WT (BLUE BOX),KANS LED 60W E27 WT (BLUE BOX)
558,,KANS LED 9W EMERGENCY BULB E27 WT,KANS LED 9W EMERGENCY BULB E27 WT
559,,KANS LED 12W EMERGENCY BULB E27,KANS LED 12W EMERGENCY BULB E27
560,,KANS LED 30W EMERGENCY BULB E27,KANS LED 30W EMERGENCY BULB E27
562,,HPS 75W STREET BULB,HPS 75W STREET BULB
563,,ZD 120W STREET LIGHT 3EYE,ZD 120W STREET LIGHT 3EYE
564,,315W STREETLIGHT,315W STREETLIGHT
565,,LED FITTINGS AND TUBES,LED FITTINGS AND TUBES
566,,"T8, 4FT 1 X 20W LED WATERPROOF FITTING","T8, 4FT 1 X 20W LED WATERPROOF FITTING"
567,,"T8, 1 X 36W LED WATERPROOF FITTING","T8, 1 X 36W LED WATERPROOF FITTING"
568,,"T8, 4FT 1 X 20W LED WATERPROOF FITTING","T8, 4FT 1 X 20W LED WATERPROOF FITTING"
569,,"T5, 4FT 1 X 20W LED WATERPROOF FITTING","T5, 4FT 1 X 20W LED WATERPROOF FITTING"
570,,"T8, 4FT 2X 20W LED WATERPROOF FITTING","T8, 4FT 2X 20W LED WATERPROOF FITTING"
571,,"T5, 4FT 2 X 20W LED WATERPROOF FITTING","T5, 4FT 2 X 20W LED WATERPROOF FITTING"
572,,"T5, 4FT. 1 X 28W WATERPROOF FITTING","T5, 4FT. 1 X 28W WATERPROOF FITTING"
573,,"T5,4FT 36W WATERPROOF LUMINAIRE","T5,4FT 36W WATERPROOF LUMINAIRE"
574,,"T5, 2 X 20W LED WATERPROOF FITTING","T5, 2 X 20W LED WATERPROOF FITTING"
575,,"T5,1 X 28W LED WATERPROOF FITTING","T5,1 X 28W LED WATERPROOF FITTING"
576,,T5 2FT 10W LED WATERPROOF FITTINGS,T5 2FT 10W LED WATERPROOF FITTINGS
577,,T5 2FT. 14W LUMINAIRE FITTINGS,T5 2FT. 14W LUMINAIRE FITTINGS
579,,"T5,2FT 10W  LED TUBE","T5,2FT 10W  LED TUBE"
580,,"T5, 2FT 14W TUBE","T5, 2FT 14W TUBE"
581,,T5 2FT FLUORESCENT TUBE,T5 2FT FLUORESCENT TUBE
582,,"T5, 20W LED TUBE","T5, 20W LED TUBE"
583,,"T8, 20W LED TUBE","T8, 20W LED TUBE"
584,,28W T5 FLUORESCENT TUBE,28W T5 FLUORESCENT TUBE
585,,36W LED TUBE,36W LED TUBE
586,,T6/B2W TUBE WT,T6/B2W TUBE WT
588,,LINEAR TUBE,LINEAR TUBE
589,,72W GREEN LINEAR TUBE,72W GREEN LINEAR TUBE
590,,72W BLUE LINEAR TUBE,72W BLUE LINEAR TUBE
591,,72W  RED LINEAR TUBE,72W  RED LINEAR TUBE
592,,72W BLUE LINEAR BLUE,72W BLUE LINEAR BLUE
593,,72W YELLOW LINEAR,72W YELLOW LINEAR
595,,CENTRE LIGHT,CENTRE LIGHT
596,,72531/4 BK,72531/4 BK
597,,72425 - 1A,72425 - 1A
598,,72425/1N,72425/1N
600,,72246/3A,72246/3A
601,,71104/3A,71104/3A
602,,71101/3A,71101/3A
603,,72492/3A CH + BK,72492/3A CH + BK
604,,55243RBR/3P,55243RBR/3P
605,,55243/3P,55243/3P
606,,72498/3A FGD + BK,72498/3A FGD + BK
607,,72497/3A FGD + BK,72497/3A FGD + BK
608,,72497/3A,72497/3A
609,,1761/3,1761/3
610,,1761/5,1761/5
611,,7421/3,7421/3
612,,SZ04BK,SZ04BK
613,,72246/5A,72246/5A
614,,72497/5A FGD + BK,72497/5A FGD + BK
615,,55243/5P,55243/5P
616,,55243/5P RBR,55243/5P RBR
617,,5112 BR/1W,5112 BR/1W
618,,71101/5A,71101/5A
619,,72494/5A,72494/5A
620,,44056/5P,44056/5P
621,,44065/1W,44065/1W
622,,44065/5P,44065/5P
623,,44051/5P,44051/5P
624,,44054/5P,44054/5P
625,,92557CG/5P WT,92557CG/5P WT
627,,72569/5A,72569/5A
628,,72569/8A,72569/8A
629,,92180/1A,92180/1A
631,,CORNER LIGHT,CORNER LIGHT
632,,72492/1A,72492/1A
633,,72495/1A,72495/1A
634,,72247/1A,72247/1A
635,,72478/1A,72478/1A
636,,72498/1A FGD + BK,72498/1A FGD + BK
637,,72180/1A,72180/1A
638,,S3179RD/1W,S3179RD/1W
639,,72569/1A,72569/1A
640,,72246/1A,72246/1A
641,,72531/1BK,72531/1BK
642,,72492/1A BK + CH,72492/1A BK + CH
643,,71104/1A,71104/1A
644,,72497/1A BK,72497/1A BK
645,,72568/1 CH,72568/1 CH
646,,72531/1 BK,72531/1 BK
647,,72497/1A,72497/1A
648,,72180/1A,72180/1A
649,,72531/1GD,72531/1GD
650,,72531/1BK,72531/1BK
651,,71101/1A,71101/1A
652,,7373CR +BGR/4C-F-WT,7373CR +BGR/4C-F-WT
653,,7373CR+BGR/3H WT,7373CR+BGR/3H WT
654,,82107 CR+4C WT - BK,82107 CR+4C WT - BK
655,,0151 WT +CR 73H,0151 WT +CR 73H
656,,S1026SH R80,S1026SH R80
657,,S1027SH R63,S1027SH R63
658,,9031/2C,9031/2C
659,,S1032 SH/H60 FREE PANEL,S1032 SH/H60 FREE PANEL
660,,S3230 MGY/1W,S3230 MGY/1W
661,,A1305 RBK/1,A1305 RBK/1
662,,KANS LED 18+6W SURFACE PANEL BL+WT,KANS LED 18+6W SURFACE PANEL BL+WT
663,,KANS LED 18+6W SURFACE PANEL RGB,KANS LED 18+6W SURFACE PANEL RGB
667,,CEILING LIGHT,CEILING LIGHT
668,,0153 BR/5P,0153 BR/5P
669,,KANS LED 5W SURFACE PANEL WT,KANS LED 5W SURFACE PANEL WT
670,,KANS LED 6W SURFACE PANEL WT,KANS LED 6W SURFACE PANEL WT
671,,S7205/ 3W WWT,S7205/ 3W WWT
672,,S7205/18W R,S7205/18W R
673,,S7205 /18W FWWT,S7205 /18W FWWT
674,,S7205/24W F WT,S7205/24W F WT
675,,S7205/24W R 3C,S7205/24W R 3C
676,,S9030/60W 60 X 60,S9030/60W 60 X 60
677,,S1053/30W WWT,S1053/30W WWT
678,,006-350,006-350
679,,S1051/30W 30 X 30 WT,S1051/30W 30 X 30 WT
680,,S1051/30W 30 X 30 WWT,S1051/30W 30 X 30 WWT
681,,S1051/60W WWT,S1051/60W WWT
682,,S6133/60W 60 X 60,S6133/60W 60 X 60
683,,S1050/18W R WWT,S1050/18W R WWT
684,,S1050/18W F WT,S1050/18W F WT
685,,S1050/15W F WT,S1050/15W F WT
686,,S1050/12W F WWT,S1050/12W F WWT
687,,S2038/12RW-F-WT,S2038/12RW-F-WT
688,,S2038/12W-F-WWT,S2038/12W-F-WWT
690,,KANS LED FREE CUT 18W,KANS LED FREE CUT 18W
691,,KANS LED FREE CUT 24W,KANS LED FREE CUT 24W
692,,TINKO 18W SURFACE LIGHT,TINKO 18W SURFACE LIGHT
693,,KANS LED COB  20W WT,KANS LED COB  20W WT
694,,TINKO 24W LED SURFACE PANEL,TINKO 24W LED SURFACE PANEL
695,,8058 GO/2W WT,8058 GO/2W WT
696,,8058 GD/2W WT,8058 GD/2W WT
697,,S8033/6W F WT,S8033/6W F WT
698,,34237/36W,34237/36W
699,,34262/36W,34262/36W
700,,S1051/30W 300 X 300 WT,S1051/30W 300 X 300 WT
701,,12W KANS LED PANEL WWT,12W KANS LED PANEL WWT
702,,7W KANS COB DOWNLIGHT,7W KANS COB DOWNLIGHT
703,,S6054/ 3C,S6054/ 3C
704,,S6067WT/12W F WWT,S6067WT/12W F WWT
705,,S6067GN/12W F WT,S6067GN/12W F WT
706,,S6067WT/24W F WWT,S6067WT/24W F WWT
707,,S6069WT/18W F WWT,S6069WT/18W F WWT
708,,S6069WT/12W F WWT,S6069WT/12W F WWT
709,,S6069BL/12W F WT,S6069BL/12W F WT
710,,KANS LED 9W ROUND PANEL WWT,KANS LED 9W ROUND PANEL WWT
711,,S2037/12W WWT,S2037/12W WWT
712,,TK - 200,TK - 200
713,,TK - 603CR/IT BEG,TK - 603CR/IT BEG
714,,S6051BK/24W WT,S6051BK/24W WT
715,,S6050/24W F WWT,S6050/24W F WWT
716,,S4009/ 3 X 1W WT,S4009/ 3 X 1W WT
717,,ST3173S,ST3173S
718,,12W KANS LED SURFACE PANEL RD WT,12W KANS LED SURFACE PANEL RD WT
719,,12W KANS LED SURFACE PANEL RD WWT,12W KANS LED SURFACE PANEL RD WWT
720,,9W KANS LED SURFACE PANEL RD WT,9W KANS LED SURFACE PANEL RD WT
721,,18W KANS LED SURFACE PANEL RD,18W KANS LED SURFACE PANEL RD
722,,15W KANS LED SURFACE PANEL WT,15W KANS LED SURFACE PANEL WT
723,,24W KANS LED SURFACE PANEL RD WT,24W KANS LED SURFACE PANEL RD WT
724,,S6068/6W F WWT,S6068/6W F WWT
725,,S6068/24W F WT,S6068/24W F WT
726,,S6068/24W F WWT,S6068/24W F WWT
727,,S6050/18W R WWT,S6050/18W R WWT
728,,S6053/1 (3C),S6053/1 (3C)
729,,S6068WT/18W F WWT,S6068WT/18W F WWT
730,,S6096/24W WWT,S6096/24W WWT
731,,S6098/24W WWT,S6098/24W WWT
732,,S7201/24W R WT,S7201/24W R WT
733,,200W LED STREETLIGHT,200W LED STREETLIGHT
734,,80W BULHEAD BULB- PLASTIC,80W BULHEAD BULB- PLASTIC
735,,8057 GO/2W WT,8057 GO/2W WT
736,,92053 BR/1W WT,92053 BR/1W WT
737,,55055 BR/3P WT,55055 BR/3P WT
738,,38064 CG/5P BL/BL+CL,38064 CG/5P BL/BL+CL
739,,27612/1W,27612/1W
740,,S2040R/18W WT + BL,S2040R/18W WT + BL
741,,9133 GO/2C,9133 GO/2C
742,,91562 BK/1HB BL,91562 BK/1HB BL
743,,92177 CG/1WA WT,92177 CG/1WA WT
744,,9034 GO/1C,9034 GO/1C
745,,9034 SK/1C WT,9034 SK/1C WT
746,,93204 BR/4H WT+CH,93204 BR/4H WT+CH
747,,93054 SL/3P WT,93054 SL/3P WT
748,,S720 S/18W WWT,S720 S/18W WWT
750,,WALL LIGHT,WALL LIGHT
751,,WL 8W EYE WARM,WL 8W EYE WARM
752,,WL 4W EYE WARM,WL 4W EYE WARM
753,,LED WL 7W (3000K),LED WL 7W (3000K)
754,,WL245/H WWT,WL245/H WWT
755,,WL260 BM L WT,WL260 BM L WT
756,,WL260 BM S WT,WL260 BM S WT
757,,WL160 RD WT OVAL,WL160 RD WT OVAL
758,,WL160 RD WWT OVAL,WL160 RD WWT OVAL
759,,WL3015E,WL3015E
760,,WL3016E,WL3016E
761,,ST912L,ST912L
762,,AL2620 10W,AL2620 10W
763,,ST5209,ST5209
764,,ST5210,ST5210
765,,ST3174 24W LED,ST3174 24W LED
766,,ST3175S,ST3175S
767,,AL2520 12W COB,AL2520 12W COB
768,,ST231D LED,ST231D LED
769,,WL 3075 -S WALL LIGHT,WL 3075 -S WALL LIGHT
770,,WL 3075 - L WALL LIGHT,WL 3075 - L WALL LIGHT
771,,S3077 - L WALL LIGHT,S3077 - L WALL LIGHT
772,,S3036GY/2W,S3036GY/2W
773,,WL160 RD WWT,WL160 RD WWT
774,,S3134MGY/1W,S3134MGY/1W
775,,S3152RBK/1W,S3152RBK/1W
776,,S3014RGY/1W,S3014RGY/1W
777,,S4085/3W + LED,S4085/3W + LED
778,,S3254MGY/1W 5 X 1W,S3254MGY/1W 5 X 1W
779,,ST3172S,ST3172S
780,,1132CR/6 PBR+WT,1132CR/6 PBR+WT
781,,11892CR + BK/2W WT-BK,11892CR + BK/2W WT-BK
782,,11829HB/1W,11829HB/1W
783,,11891BR/1W,11891BR/1W
784,,WL200 SQ.,WL200 SQ.
785,,WL290 RD WWT,WL290 RD WWT
786,,WL36 BT -S WWT,WL36 BT -S WWT
787,,WL36 BT-S WT,WL36 BT-S WT
788,,WL36 BT L WT,WL36 BT L WT
789,,WL36 BT L WWT,WL36 BT L WWT
790,,WL260 BM-S WWT,WL260 BM-S WWT
791,,85311/1W,85311/1W
792,,S3046/1W,S3046/1W
793,,S2107/2W,S2107/2W
794,,S2078/1W,S2078/1W
795,,S3185MGY/3X1W,S3185MGY/3X1W
796,,S3153MGY/1W,S3153MGY/1W
797,,S3002RGY/1W,S3002RGY/1W
798,,39659 SH/1W,39659 SH/1W
799,,39660 SH/2W,39660 SH/2W
800,,27415/ 1W WT,27415/ 1W WT
801,,39562CR/ 1W WT+GO,39562CR/ 1W WT+GO
802,,27629/3H WT+BK,27629/3H WT+BK
803,,S2105/1W,S2105/1W
804,,S2106/1W,S2106/1W
805,,61030 /1W,61030 /1W
806,,DF 5014H,DF 5014H
807,,8013 BK,8013 BK
808,,8008 BK,8008 BK
809,,27046BR/3H,27046BR/3H
810,,39093 SL/3H,39093 SL/3H
811,,2050 BULKHEAD,2050 BULKHEAD
812,,S3138/1W-S,S3138/1W-S
813,,92557 CG/5P WT,92557 CG/5P WT
814,,S3131MGY/9X1W,S3131MGY/9X1W
815,,81043 SL/5P,81043 SL/5P
816,,91818 CG/2C WT,91818 CG/2C WT
817,,94062 CR/3C WT,94062 CR/3C WT
818,,S3150MGY/1W,S3150MGY/1W
819,,ST911L,ST911L
822,,PPI PIONEER BK 60W (OVAL),PPI PIONEER BK 60W (OVAL)
823,,PPI PIONEER BK 60W (ROUND),PPI PIONEER BK 60W (ROUND)
824,,PPI PIONEER BK 60W (ROUND) S,PPI PIONEER BK 60W (ROUND) S
825,,250MH BULKHEAD INDUSTRIAL,250MH BULKHEAD INDUSTRIAL
826,,150HSJ PLASTIC BULKHEAD,150HSJ PLASTIC BULKHEAD
827,,32A POWERTEC CHANGEOVER,32A POWERTEC CHANGEOVER
828,,GLOB LIGHT SMOCK,GLOB LIGHT SMOCK
830,,GARDEN LIGHT,GARDEN LIGHT
831,,S3098 RBK/1 D90,S3098 RBK/1 D90
832,,S3001 BG/1W D90,S3001 BG/1W D90
833,,S3001 RGY/2W D108,S3001 RGY/2W D108
834,,S3008RGY/1G H107,S3008RGY/1G H107
835,,S3009/1G H100,S3009/1G H100
836,,A2006/1G,A2006/1G
837,,A2008/1G,A2008/1G
838,,S3008RBK/1G H107,S3008RBK/1G H107
839,,8058CR /2W WT,8058CR /2W WT
840,,S3008RBK/1G H80,S3008RBK/1G H80
841,,S3029RGY/1W -S,S3029RGY/1W -S
842,,S3009/1G H60,S3009/1G H60
843,,S3098 BG - 1G D90,S3098 BG - 1G D90
844,,S3098 BR - 1G D91,S3098 BR - 1G D91
845,,A2011/1G,A2011/1G
847,,S3012 RGY/1G H80,S3012 RGY/1G H80
848,,11940CR+BR/6P,11940CR+BR/6P
849,,8058 GO/2W WT,8058 GO/2W WT
850,,27415/3P WT,27415/3P WT
851,,88064 CG/5P,88064 CG/5P
852,,1852CR/5H WT,1852CR/5H WT
853,,1852CR/3H WT,1852CR/3H WT
854,,S1052/12W SQ WT,S1052/12W SQ WT
855,,39502 CR/1W WT+GO,39502 CR/1W WT+GO
856,,39660 SH/2W,39660 SH/2W
857,,S3253 MGY/1W 9X1W,S3253 MGY/1W 9X1W
858,,DF5019H/L,DF5019H/L
864,,AL2538,AL2538
865,,AL2548,AL2548
866,,S3014 RGY/1W,S3014 RGY/1W
867,,S3131 MGY/LED 9X1W,S3131 MGY/LED 9X1W
868,,CBX LED 0081 - 40W,CBX LED 0081 - 40W
869,,CBTX0096/25 WT,CBTX0096/25 WT
870,,6023BK+GD WALL LIGHT,6023BK+GD WALL LIGHT
871,,6516 BK+GD WALL LIGHT,6516 BK+GD WALL LIGHT
872,,6381C WALL LIGHT WWT,6381C WALL LIGHT WWT
874,,4W STEP LIGHT,4W STEP LIGHT
875,,6W STEP LIGHT,6W STEP LIGHT
876,,8W STEP LIGHT,8W STEP LIGHT
877,,50W SOLAR FLOOD LIGHT WT,50W SOLAR FLOOD LIGHT WT
878,,50W SOLAR FLOOD LIGHT GN,50W SOLAR FLOOD LIGHT GN
879,,50W LED FLOODLIGHT WT-TYPE,50W LED FLOODLIGHT WT-TYPE
880,,BED SIDE LAMP BLACK,BED SIDE LAMP BLACK
881,,BED SIDE LAMP WHITE,BED SIDE LAMP WHITE
882,,BT25 SOLAR GATE LIGHT,BT25 SOLAR GATE LIGHT
883,,GT22 SOLAR GATE LIGHT,GT22 SOLAR GATE LIGHT
884,,20W FLOODLIGHT 3000+500K,20W FLOODLIGHT 3000+500K
885,,50W FLOODLIGHT GN TYPE,50W FLOODLIGHT GN TYPE
886,,100W FLOODLIGHT GN TYPE,100W FLOODLIGHT GN TYPE
887,,150W STREET LIGHT,150W STREET LIGHT
888,,150W FLOOD LIGHT,150W FLOOD LIGHT
889,,300W LED FLOODLIGHT,300W LED FLOODLIGHT
890,,20W LED COB RECHARGEABLE FLOODLIGHT,20W LED COB RECHARGEABLE FLOODLIGHT
891,,50W LED COB RECHARGEABLE FLOODLIGHT,50W LED COB RECHARGEABLE FLOODLIGHT
892,,3W COB DOWN LIGHT WHITE,3W COB DOWN LIGHT WHITE
893,,5W COB DOWN LIGHT WARM,5W COB DOWN LIGHT WARM
894,,5W COB DOWN LIGHT WHITE,5W COB DOWN LIGHT WHITE
895,,7W COB DOWNLIGHT WHITE,7W COB DOWNLIGHT WHITE
896,,30W EMERGENCY E27 BULB WT,30W EMERGENCY E27 BULB WT
897,,400W LED STRIP LIGHT RGB,400W LED STRIP LIGHT RGB
898,,400W LED STRIP LIGHT PINK,400W LED STRIP LIGHT PINK
899,,400W LED STRIP LIGHT WARM,400W LED STRIP LIGHT WARM
900,,200W HIGH BAY LIGHT,200W HIGH BAY LIGHT
902,,3+3 LED PANEL BL+WT KANS,3+3 LED PANEL BL+WT KANS
903,,3+3 LED PANEL YELLOW+WT KANS,3+3 LED PANEL YELLOW+WT KANS
904,,3+3 LED PANEL PINK+WT KANS,3+3 LED PANEL PINK+WT KANS
905,,3+3 LED PANEL RGB KANS,3+3 LED PANEL RGB KANS
907,,KANS LED ROUND PANEL 9W WWT,KANS LED ROUND PANEL 9W WWT
908,,KANS LED ROUND PANEL 12W WWT,KANS LED ROUND PANEL 12W WWT
910,,8096/3000K,8096/3000K
911,,8087/3000K,8087/3000K
912,,8004,8004
913,,81266 CR/4C WT,81266 CR/4C WT
914,,39562 CR/1W WT +GO,39562 CR/1W WT +GO
915,,27415/1W WT,27415/1W WT
916,,S4154 SG/42W,S4154 SG/42W
917,,85029 CG/3P WT,85029 CG/3P WT
918,,7421/5,7421/5
919,,11384 CG/5H WT+BRN,11384 CG/5H WT+BRN
920,,38086CG/1W,38086CG/1W
922,,72877/400GD,72877/400GD
923,,72877/500GD,72877/500GD
924,,70385/8A-A,70385/8A-A
925,,72883/800 2-1 GD,72883/800 2-1 GD
926,,72883/800 CH,72883/800 CH
927,,72883/3GD,72883/3GD
928,,72961/4A,72961/4A
929,,72961/6A,72961/6A
930,,72656/5A,72656/5A
931,,72656/3A,72656/3A
932,,72707/5GD,72707/5GD
933,,72707/8GD,72707/8GD
934,,72707/3GD,72707/3GD
935,,81792/1 WL,81792/1 WL
936,,81792/ST,81792/ST
937,,81809/BK-ST,81809/BK-ST
938,,81809/WL,81809/WL
939,,81815/1A-ST,81815/1A-ST
940,,81815/1A-WL,81815/1A-WL
941,,81851/ 1BK,81851/ 1BK
942,,81850 / 1BK,81850 / 1BK
943,,81838/12W,81838/12W
944,,81838/14W,81838/14W
945,,81838/8W,81838/8W
946,,81839/ 1BK,81839/ 1BK
947,,81839/ 1GD,81839/ 1GD
948,,81841 WH-10W,81841 WH-10W
949,,533-2,533-2
950,,533-3,533-3
951,,533-4,533-4
952,,517/3BK,517/3BK
953,,72905/BK,72905/BK
954,,72905/GD,72905/GD
955,,72898/GD,72898/GD
956,,72899/BK,72899/BK
957,,72899/GD,72899/GD
958,,73042/1BK,73042/1BK
959,,71497/1A,71497/1A
960,,73041-1A,73041-1A
961,,73043/1BK,73043/1BK
962,,81720/2BK,81720/2BK
963,,81721/2BK,81721/2BK
964,,20408/500,20408/500
965,,20411/500,20411/500
966,,20423/500,20423/500
967,,20400/550,20400/550
968,,20433/500,20433/500
969,,20401/L700,20401/L700
970,,73143/5A,73143/5A
971,,72812/4A,72812/4A
972,,73145/1WH-120,73145/1WH-120
973,,81105/1A,81105/1A
974,,81105/1G,81105/1G
975,,81686/1Y,81686/1Y
976,,81686/1G,81686/1G
977,,81685/ 1B,81685/ 1B
978,,81685/1Y,81685/1Y
979,,81685/1N,81685/1N
980,,CAYMAN -DL-C1608,CAYMAN -DL-C1608
981,,CAYMAN PL RD68220 18W DAY,CAYMAN PL RD68220 18W DAY
982,,HYD 122C/R 30W/6.5K LE,HYD 122C/R 30W/6.5K LE
983,,CAYMAN-DL-C1920-20W-DAY-C,CAYMAN-DL-C1920-20W-DAY-C
984,,CAYMAN-DL-S1808-8W-WWT-DO,CAYMAN-DL-S1808-8W-WWT-DO
985,,FL(50W NW APPLE 6K PLATO BLUE BOX,FL(50W NW APPLE 6K PLATO BLUE BOX
986,,FL(100W NW APPLE 6K PLATO BLUE,FL(100W NW APPLE 6K PLATO BLUE
987,,100W NW APPLE 6K WHITE COLOR,100W NW APPLE 6K WHITE COLOR
989,,BH (B037 30+30 R 6K+PINK PLATO,BH (B037 30+30 R 6K+PINK PLATO
990,,BH (B037 30+30 R 6K+YELLOW PLATO,BH (B037 30+30 R 6K+YELLOW PLATO
991,,BH (B038 30+30 R 6K+GREEN PLATO,BH (B038 30+30 R 6K+GREEN PLATO
992,,BH (B038 30+30 R 6K+RED PLATO,BH (B038 30+30 R 6K+RED PLATO
993,,BH (B038 30+30 R 6K+BLUE PLATO,BH (B038 30+30 R 6K+BLUE PLATO
997,,BH (B037 30+30 O 6K+BLUE PLATO,BH (B037 30+30 O 6K+BLUE PLATO
998,,BH (B038 30+30 O 6K+PINK PLATO,BH (B038 30+30 O 6K+PINK PLATO
999,,BH (B038 30+30 O 6K+YELLOW PLATO,BH (B038 30+30 O 6K+YELLOW PLATO
1000,,BH (B037 30+30 O 6K+RED PLATO,BH (B037 30+30 O 6K+RED PLATO
1001,,BH (B037 30+30 O 6K+GREEN PLATO,BH (B037 30+30 O 6K+GREEN PLATO
1003,,DY-FCDCF-50W WT,DY-FCDCF-50W WT
1004,,DY-FCDTY-50W WT,DY-FCDTY-50W WT
1005,,BH(50W B030/W SENSOR 6K PLATO),BH(50W B030/W SENSOR 6K PLATO)
1006,,F.LAMP (2511-1 140W 75*2 3C PLATO),F.LAMP (2511-1 140W 75*2 3C PLATO)
1007,,F.LAMP (2511-2 140W 75*2 3C PLATO),F.LAMP (2511-2 140W 75*2 3C PLATO)
1008,,CL (M822 46W 3C PLATO),CL (M822 46W 3C PLATO)
1009,,CL (M823 44W 3C PLATO),CL (M823 44W 3C PLATO)
1010,,CL(M824 ),CL(M824 )
1011,,CL(333/1 3C,CL(333/1 3C
1012,,OL (10W B370 BLK 3K PLATO,OL (10W B370 BLK 3K PLATO
1013,,OL (15W B371 BLK 3K PLATO,OL (15W B371 BLK 3K PLATO
1014,,OL (B059 WHBDY 6K PLATO,OL (B059 WHBDY 6K PLATO
1015,,OL (B059 BLKBDY 6K PLATO,OL (B059 BLKBDY 6K PLATO
1016,,B568 LED WALL LAMP / DY-WL 50W 300K,B568 LED WALL LAMP / DY-WL 50W 300K
1017,,OL (10W B008 R-UD 3C PLATO,OL (10W B008 R-UD 3C PLATO
1018,,OL (10W B023 SQ-UD 3C PLATO,OL (10W B023 SQ-UD 3C PLATO
1019,,OL (10W B023 SQ-UD RGB PLATO,OL (10W B023 SQ-UD RGB PLATO
1020,,OL (15W B259 BLK+GLD ALUM 3K PLATO,OL (15W B259 BLK+GLD ALUM 3K PLATO
1021,,OL (15W B261 BLK+GLD ALUM 3K PLATO,OL (15W B261 BLK+GLD ALUM 3K PLATO
1022,,OL (15W B261 WH+ GLD ALUM 3K PLATO,OL (15W B261 WH+ GLD ALUM 3K PLATO
1023,,OL (50W B568 BLK 3K PLATO,OL (50W B568 BLK 3K PLATO
1024,,OL (50W B059 WHBDY 3K PLATO,OL (50W B059 WHBDY 3K PLATO
1025,,OL (50W B059 BLKBDY 3K PLATO,OL (50W B059 BLKBDY 3K PLATO
1026,,S  3449 RBK/2W,S  3449 RBK/2W
1027,,S 3126 MGY/1W,S 3126 MGY/1W
1028,,55243/3P,55243/3P
1029,,55243 RBR/3P,55243 RBR/3P
1030,,55243/5P,55243/5P
1031,,HD8218/6H,HD8218/6H
1032,,HD82135/4P-1,HD82135/4P-1
1033,,KL79062/6X,KL79062/6X
1034,,JZ0001 RWT,JZ0001 RWT
1035,,5OW FLOOD - ASH,5OW FLOOD - ASH
1036,,100W FLOOD-BLUE BOX,100W FLOOD-BLUE BOX
1037,,50W FLOOD- WHITE BOX,50W FLOOD- WHITE BOX
1038,,100W FLOOD-WHIE BOX,100W FLOOD-WHIE BOX
1039,,W0342-3P,W0342-3P
1040,,W2157-3P,W2157-3P
1041,,7006-2+1 WH,7006-2+1 WH
1042,,7011-1WH,7011-1WH
1043,,623-0-1BK,623-0-1BK
1044,,4939-1+1 GO,4939-1+1 GO
1045,,4962-3+1,4962-3+1
1046,,2192-4+1,2192-4+1
1047,,8249,8249
1048,,8555-4,8555-4
1049,,W 228B,W 228B
1050,,H 228B/30CM,H 228B/30CM
1051,,6009/1W,6009/1W
1052,,8013/1W,8013/1W
1053,,6877/1W,6877/1W
1054,,FZA003 BK,FZA003 BK
1055,,FZA003WT,FZA003WT
1056,,7023-3+1,7023-3+1
1057,,8311,8311
1058,,W604,W604
1059,,6805/1W,6805/1W
1060,,6841/1W,6841/1W
1061,,6841/1S,6841/1S
1062,,6808/1W,6808/1W
1063,,ESNCO D16 FLEXBLE SILION STRIP 220CV 2835 RD,ESNCO D16 FLEXBLE SILION STRIP 220CV 2835 RD
1064,,ESNCO D16 FLEXBLE SILION STRIP 220CV 2835 GN,ESNCO D16 FLEXBLE SILION STRIP 220CV 2835 GN
1065,,ESNCO D16 FLEXBLE SILION STRIP 220CV 2835 BLUE,ESNCO D16 FLEXBLE SILION STRIP 220CV 2835 BLUE
1066,,STRIP LIGHT ESNCO RGB,STRIP LIGHT ESNCO RGB
1067,,DUJIA OB SPOT 7W WH,DUJIA OB SPOT 7W WH
1068,,CL 9903 2C CH,CL 9903 2C CH
1069,,CL 9003 2C BG,CL 9003 2C BG
1070,,CL 9003 2C WD,CL 9003 2C WD
1071,,CL 9003 2C AB,CL 9003 2C AB
1072,,CL 9003 2C RAB,CL 9003 2C RAB
1073,,CL TF1108-260 GD,CL TF1108-260 GD
1074,,CL TF1112-260 GD,CL TF1112-260 GD
1075,,CL TF997-260 GD,CL TF997-260 GD
1076,,CL TF1000-260 GD,CL TF1000-260 GD
1077,,CL TF964-260 GD,CL TF964-260 GD
1078,,CL TF1107-260 CH,CL TF1107-260 CH
1079,,CL TF1107-260 GD,CL TF1107-260 GD
1080,,CL 8017 2C ABGD,CL 8017 2C ABGD
1081,,CL 8017 2C RABGD,CL 8017 2C RABGD
1082,,WB 80171W ABGD,WB 80171W ABGD
1083,,WB 80171W RABGD,WB 80171W RABGD
1084,,8254 WW+WH,8254 WW+WH
1085,,OL (10W B008 R-UD 3000K PLATO,OL (10W B008 R-UD 3000K PLATO
1086,,OL (10W B023 SK-UD 3000K PLATO,OL (10W B023 SK-UD 3000K PLATO
1087,,OPT-DF-2308AYD,OPT-DF-2308AYD
1088,,KL25026BK/600,KL25026BK/600
1089,,55243/1W,55243/1W
1090,,S3438 BK/1W,S3438 BK/1W
1091,,S3190 MGY/1W,S3190 MGY/1W
1092,,S3417 RBK/1W,S3417 RBK/1W
1093,,S3450 RBK/1W,S3450 RBK/1W
1094,,HD8359/4P,HD8359/4P
1095,,JZ0003RBK,JZ0003RBK
1096,,JZ0002 RWT,JZ0002 RWT
1097,,S3393MGY/1W,S3393MGY/1W
1098,,93054SL/1W WT,93054SL/1W WT
1099,,9034 AN/1C WT,9034 AN/1C WT
1100,,9034 CR/1C WT,9034 CR/1C WT
1101,,250W SODIUM CHOKE,250W SODIUM CHOKE
1102,,250W MERCURY CHOKE,250W MERCURY CHOKE
1103,,400W MERCURY,400W MERCURY
1104,,25MMX2C ALUMINIUM,25MMX2C ALUMINIUM
1105,,4X4C FLEXIBLE,4X4C FLEXIBLE
1106,,2.5MMX3C FLEXIBLE,2.5MMX3C FLEXIBLE
1107,,TV CABLE RG6,TV CABLE RG6
1108,,0.75MM FLEXIBLE,0.75MM FLEXIBLE
1109,,1.5x3C FLEXIBLE,1.5x3C FLEXIBLE
1110,,6MM FLAT TWIN CABLE,6MM FLAT TWIN CABLE
1111,,2.5MM SIGNAL CABLE (Earth),2.5MM SIGNAL CABLE (Earth)
1112,,2.5MM SIGNAL CABLE (brown),2.5MM SIGNAL CABLE (brown)
1113,,2.5MM SIGNAL CABLE (Blue),2.5MM SIGNAL CABLE (Blue)
1114,,2.5MM TROPICAL (BLUE),2.5MM TROPICAL (BLUE)
1115,,2.5MM TROPICAL (BROWN),2.5MM TROPICAL (BROWN)
1116,,2.5MM EARTH,2.5MM EARTH
1117,,16MM EARTH,16MM EARTH
1118,,KANS CABLE 2.5MM RED,KANS CABLE 2.5MM RED
1119,,KANS CABLE 4MM RED,KANS CABLE 4MM RED
1120,,KANS CABLE 4MM BLACK,KANS CABLE 4MM BLACK
1121,,KANS CABLE 6MM BLACK,KANS CABLE 6MM BLACK
1122,,KANS CABLE 6MM RED,KANS CABLE 6MM RED
1123,,KANS CABLE 6MM EARTH,KANS CABLE 6MM EARTH
1124,,1.5MM BLUE TROPICAL,1.5MM BLUE TROPICAL
1126,,ORIENT CF 5639 5BLADE CEILING FAN WT,ORIENT CF 5639 5BLADE CEILING FAN WT
1129,,ORIENT CF 5639 5 BLADE CEILING FAN BLUE,ORIENT CF 5639 5 BLADE CEILING FAN BLUE
1131,,ORIENT CF 5611R BLADE CEILING FAN WT,ORIENT CF 5611R BLADE CEILING FAN WT
1132,,ORIENT CF 5611 BLADE CEILING FAN BROWN,ORIENT CF 5611 BLADE CEILING FAN BROWN
1133,,ORIENT CF 5611 BLADE CEILING FAN WHITE,ORIENT CF 5611 BLADE CEILING FAN WHITE
1134,,ORIENT CF 5625 BLADE CEILING FAN WT,ORIENT CF 5625 BLADE CEILING FAN WT
1136,,ORIENT 5625  FAN REGULATOR,ORIENT 5625  FAN REGULATOR
1137,,ORIENT 5611 FAN REGULATOR,ORIENT 5611 FAN REGULATOR
1140,,ORIENT WL 20 WALL FAN,ORIENT WL 20 WALL FAN
1141,,ORIENT CF 5656 WT,ORIENT CF 5656 WT
1142,,ORIENT CF 2433 SHORT BLADE BROWN,ORIENT CF 2433 SHORT BLADE BROWN
1143,,ORIENT CF 2433 SHORT BLADE WHITE,ORIENT CF 2433 SHORT BLADE WHITE
1144,,ORIENT SOLAR TABLE FAN,ORIENT SOLAR TABLE FAN
1145,,ORIENT 300/16 SOLAR WT FAN,ORIENT 300/16 SOLAR WT FAN
1146,,ORIENT 8516 SOLAR ORANGE FAN,ORIENT 8516 SOLAR ORANGE FAN
